Timestamp,User,Login_Success,Privilege_Escalation,Label
2024-09-15 12:54:00,Specialist.Martin,1,0,0
2024-09-15 12:58:00,Nurse.Brown,1,0,0
2024-09-15 13:02:00,Auditor.King,1,1,1
2024-09-15 13:11:00,Consultant.White,0,0,0
2024-09-15 13:17:00,Assistant.Roberts,1,1,1
2024-09-15 13:27:00,Consultant.White,0,0,0
2024-09-15 13:33:00,Developer.Young,1,1,1
2024-09-15 13:41:00,Nurse.Brown,0,0,0
2024-09-15 13:44:00,Supervisor.Clark,0,0,0
2024-09-15 13:48:00,Director.Lewis,0,0,0
2024-09-15 13:54:00,Nurse.Brown,1,0,0
2024-09-15 14:00:00,Consultant.White,0,0,0
2024-09-15 14:04:00,Engineer.Perez,1,1,1
2024-09-15 14:06:00,Admin.Jones,0,0,0
2024-09-15 14:07:00,Tech.Admin,1,0,0
2024-09-15 14:16:00,Lead.Walker,1,0,0
2024-09-15 14:26:00,Engineer.Perez,0,0,0
2024-09-15 14:30:00,Admin.Jones,0,0,0
2024-09-15 14:36:00,Consultant.White,1,1,1
2024-09-15 14:44:00,Guest.Baker,0,0,0
2024-09-15 14:45:00,Operator.Johnson,0,0,0
2024-09-15 14:50:00,Nurse.Brown,1,1,1
2024-09-15 14:55:00,Guest.Baker,1,0,0
2024-09-15 15:01:00,Supervisor.Clark,0,0,0
2024-09-15 15:09:00,Tech.Admin,1,0,0
2024-09-15 15:14:00,Admin.Jones,1,0,0
2024-09-15 15:19:00,Specialist.Martin,1,0,0
2024-09-15 15:22:00,Analyst.Green,1,0,0
2024-09-15 15:28:00,Auditor.King,0,0,0
2024-09-15 15:35:00,Supervisor.Clark,0,0,0
2024-09-15 15:38:00,Coordinator.Harris,0,0,0
2024-09-15 15:43:00,User.Lee,0,0,0
2024-09-15 15:46:00,Manager.Morris,0,0,0
2024-09-15 15:56:00,Intern.Taylor,1,1,1
2024-09-15 16:06:00,Director.Lewis,1,0,0
2024-09-15 16:14:00,Director.Lewis,1,1,1
2024-09-15 16:23:00,Director.Lewis,0,0,0
2024-09-15 16:24:00,Coordinator.Harris,1,1,1
2024-09-15 16:25:00,Developer.Young,1,0,0
2024-09-15 16:31:00,Intern.Taylor,1,0,0
2024-09-15 16:37:00,Lead.Walker,0,0,0
2024-09-15 16:45:00,Specialist.Martin,1,1,1
2024-09-15 16:55:00,Assistant.Roberts,1,1,1
2024-09-15 17:03:00,Dr.Smith,0,0,0
2024-09-15 17:12:00,Coordinator.Harris,1,1,1
2024-09-15 17:20:00,Developer.Young,1,1,1
2024-09-15 17:23:00,Admin.Jones,1,0,0
2024-09-15 17:33:00,Guest.Baker,0,0,0
2024-09-15 17:37:00,Dr.Smith,1,1,1
2024-09-15 17:41:00,Consultant.White,0,0,0
2024-09-15 17:50:00,Admin.Jones,1,0,0
2024-09-15 17:57:00,Manager.Morris,1,1,1
2024-09-15 18:05:00,Consultant.White,1,0,0
2024-09-15 18:11:00,Assistant.Roberts,1,0,0
2024-09-15 18:12:00,Operator.Johnson,0,0,0
2024-09-15 18:22:00,Tech.Admin,0,0,0
2024-09-15 18:31:00,Manager.Morris,0,0,0
2024-09-15 18:37:00,Manager.Morris,1,1,1
2024-09-15 18:45:00,Supervisor.Clark,1,0,0
2024-09-15 18:54:00,Director.Lewis,0,0,0
2024-09-15 18:56:00,Assistant.Roberts,0,0,0
2024-09-15 19:02:00,Guest.Baker,1,1,1
2024-09-15 19:04:00,Tech.Admin,1,1,1
2024-09-15 19:05:00,Engineer.Perez,1,0,0
2024-09-15 19:10:00,Engineer.Perez,1,1,1
2024-09-15 19:11:00,Admin.Jones,0,0,0
2024-09-15 19:15:00,Analyst.Green,0,0,0
2024-09-15 19:18:00,User.Lee,1,0,0
2024-09-15 19:26:00,Lead.Walker,1,1,1
2024-09-15 19:28:00,Consultant.White,0,0,0
2024-09-15 19:36:00,Consultant.White,0,0,0
2024-09-15 19:37:00,Tech.Admin,0,0,0
2024-09-15 19:39:00,Dr.Smith,1,1,1
2024-09-15 19:47:00,Admin.Jones,0,0,0
2024-09-15 19:48:00,Supervisor.Clark,0,0,0
2024-09-15 19:56:00,Lead.Walker,0,0,0
2024-09-15 20:03:00,Engineer.Perez,1,1,1
2024-09-15 20:08:00,Assistant.Roberts,0,0,0
2024-09-15 20:16:00,Engineer.Perez,1,0,0
2024-09-15 20:21:00,Assistant.Roberts,0,0,0
2024-09-15 20:23:00,Manager.Morris,0,0,0
2024-09-15 20:30:00,Manager.Morris,0,0,0
2024-09-15 20:34:00,Admin.Jones,1,0,0
2024-09-15 20:36:00,Analyst.Green,1,0,0
2024-09-15 20:46:00,Tech.Admin,1,1,1
2024-09-15 20:52:00,Manager.Morris,1,1,1
2024-09-15 20:54:00,Consultant.White,0,0,0
2024-09-15 21:02:00,Tech.Admin,1,1,1
2024-09-15 21:08:00,Manager.Morris,0,0,0
2024-09-15 21:09:00,Specialist.Martin,1,0,0
2024-09-15 21:16:00,Manager.Morris,1,0,0
2024-09-15 21:21:00,Tech.Admin,1,1,1
2024-09-15 21:31:00,Nurse.Brown,0,0,0
2024-09-15 21:32:00,User.Lee,1,0,0
2024-09-15 21:37:00,Consultant.White,1,1,1
2024-09-15 21:41:00,Coordinator.Harris,0,0,0
2024-09-15 21:50:00,Supervisor.Clark,0,0,0
2024-09-15 21:51:00,Assistant.Roberts,0,0,0
2024-09-15 21:56:00,User.Lee,0,0,0
2024-09-15 21:59:00,Intern.Taylor,1,0,0
2024-09-15 22:01:00,Supervisor.Clark,1,0,0
2024-09-15 22:03:00,User.Lee,0,0,0
2024-09-15 22:06:00,Auditor.King,1,1,1
2024-09-15 22:16:00,Manager.Morris,0,0,0
2024-09-15 22:18:00,Director.Lewis,1,0,0
2024-09-15 22:24:00,Director.Lewis,1,0,0
2024-09-15 22:32:00,User.Lee,1,1,1
2024-09-15 22:39:00,Developer.Young,0,0,0
2024-09-15 22:43:00,Lead.Walker,1,0,0
2024-09-15 22:48:00,Director.Lewis,1,0,0
2024-09-15 22:55:00,Dr.Smith,1,0,0
2024-09-15 23:04:00,Supervisor.Clark,1,1,1
2024-09-15 23:07:00,User.Lee,1,0,0
2024-09-15 23:08:00,Analyst.Green,0,0,0
2024-09-15 23:13:00,Specialist.Martin,0,0,0
2024-09-15 23:22:00,Guest.Baker,1,1,1
2024-09-15 23:28:00,Analyst.Green,0,0,0
2024-09-15 23:31:00,Operator.Johnson,1,0,0
2024-09-15 23:34:00,Coordinator.Harris,0,0,0
2024-09-15 23:42:00,User.Lee,1,0,0
2024-09-15 23:48:00,Consultant.White,1,1,1
2024-09-15 23:52:00,Coordinator.Harris,1,1,1
2024-09-16 00:02:00,Nurse.Brown,1,0,0
2024-09-16 00:05:00,Developer.Young,0,0,0
2024-09-16 00:15:00,Analyst.Green,1,1,1
2024-09-16 00:24:00,Admin.Jones,0,0,0
2024-09-16 00:33:00,Admin.Jones,0,0,0
2024-09-16 00:41:00,Assistant.Roberts,0,0,0
2024-09-16 00:42:00,Analyst.Green,0,0,0
2024-09-16 00:49:00,Supervisor.Clark,1,0,0
2024-09-16 00:58:00,Specialist.Martin,0,0,0
2024-09-16 01:03:00,Specialist.Martin,0,0,0
2024-09-16 01:07:00,Supervisor.Clark,0,0,0
2024-09-16 01:11:00,Analyst.Green,0,0,0
2024-09-16 01:13:00,Guest.Baker,1,0,0
2024-09-16 01:22:00,Admin.Jones,1,0,0
2024-09-16 01:30:00,User.Lee,0,0,0
2024-09-16 01:38:00,Consultant.White,0,0,0
2024-09-16 01:41:00,Intern.Taylor,1,1,1
2024-09-16 01:48:00,Dr.Smith,1,1,1
2024-09-16 01:55:00,Guest.Baker,1,1,1
2024-09-16 02:04:00,Dr.Smith,0,0,0
2024-09-16 02:08:00,Consultant.White,1,0,0
2024-09-16 02:16:00,Developer.Young,1,0,0
2024-09-16 02:21:00,Manager.Morris,1,1,1
2024-09-16 02:22:00,Engineer.Perez,0,0,0
2024-09-16 02:31:00,Dr.Smith,1,1,1
2024-09-16 02:33:00,Assistant.Roberts,0,0,0
2024-09-16 02:34:00,User.Lee,1,1,1
2024-09-16 02:37:00,Engineer.Perez,0,0,0
2024-09-16 02:46:00,Engineer.Perez,0,0,0
2024-09-16 02:48:00,Coordinator.Harris,1,0,0
2024-09-16 02:57:00,Engineer.Perez,0,0,0
2024-09-16 03:02:00,Developer.Young,1,1,1
2024-09-16 03:08:00,Supervisor.Clark,0,0,0
2024-09-16 03:10:00,Specialist.Martin,1,0,0
2024-09-16 03:17:00,Assistant.Roberts,1,0,0
2024-09-16 03:21:00,Developer.Young,0,0,0
2024-09-16 03:26:00,Tech.Admin,1,1,1
2024-09-16 03:33:00,Coordinator.Harris,0,0,0
2024-09-16 03:42:00,Guest.Baker,1,1,1
2024-09-16 03:52:00,User.Lee,1,1,1
2024-09-16 04:02:00,Director.Lewis,1,0,0
2024-09-16 04:08:00,Consultant.White,1,1,1
2024-09-16 04:18:00,Dr.Smith,0,0,0
2024-09-16 04:20:00,Supervisor.Clark,1,1,1
2024-09-16 04:26:00,Nurse.Brown,0,0,0
2024-09-16 04:36:00,Developer.Young,0,0,0
2024-09-16 04:38:00,Supervisor.Clark,0,0,0
2024-09-16 04:39:00,Director.Lewis,0,0,0
2024-09-16 04:44:00,Consultant.White,0,0,0
2024-09-16 04:54:00,Analyst.Green,1,1,1
2024-09-16 04:57:00,Admin.Jones,0,0,0
2024-09-16 05:00:00,Guest.Baker,0,0,0
2024-09-16 05:10:00,User.Lee,1,1,1
2024-09-16 05:19:00,Admin.Jones,0,0,0
2024-09-16 05:29:00,Manager.Morris,1,0,0
2024-09-16 05:32:00,Director.Lewis,1,1,1
2024-09-16 05:36:00,Lead.Walker,1,0,0
2024-09-16 05:43:00,Analyst.Green,1,0,0
2024-09-16 05:45:00,User.Lee,1,0,0
2024-09-16 05:51:00,Supervisor.Clark,0,0,0
2024-09-16 05:59:00,Analyst.Green,1,1,1
2024-09-16 06:06:00,Dr.Smith,0,0,0
2024-09-16 06:13:00,Dr.Smith,0,0,0
2024-09-16 06:19:00,Tech.Admin,1,1,1
2024-09-16 06:26:00,User.Lee,1,0,0
2024-09-16 06:35:00,Manager.Morris,0,0,0
2024-09-16 06:39:00,Nurse.Brown,1,0,0
2024-09-16 06:45:00,Specialist.Martin,0,0,0
2024-09-16 06:51:00,Dr.Smith,0,0,0
2024-09-16 06:59:00,Specialist.Martin,1,0,0
2024-09-16 07:07:00,Lead.Walker,1,0,0
2024-09-16 07:15:00,Coordinator.Harris,1,0,0
2024-09-16 07:22:00,Coordinator.Harris,0,0,0
2024-09-16 07:32:00,Lead.Walker,0,0,0
2024-09-16 07:36:00,Guest.Baker,1,1,1
2024-09-16 07:44:00,Engineer.Perez,1,1,1
2024-09-16 07:52:00,Supervisor.Clark,0,0,0
2024-09-16 07:58:00,User.Lee,0,0,0
2024-09-16 08:04:00,Admin.Jones,0,0,0
2024-09-16 08:14:00,Nurse.Brown,0,0,0
2024-09-16 08:15:00,Assistant.Roberts,1,1,1
2024-09-16 08:16:00,Lead.Walker,0,0,0
2024-09-16 08:17:00,Admin.Jones,0,0,0
2024-09-16 08:24:00,Coordinator.Harris,1,0,0
2024-09-16 08:31:00,Specialist.Martin,1,1,1
2024-09-16 08:32:00,Engineer.Perez,0,0,0
2024-09-16 08:38:00,Manager.Morris,0,0,0
2024-09-16 08:41:00,Developer.Young,0,0,0
2024-09-16 08:43:00,Assistant.Roberts,0,0,0
2024-09-16 08:52:00,Admin.Jones,0,0,0
2024-09-16 08:57:00,Specialist.Martin,0,0,0
2024-09-16 09:01:00,Manager.Morris,0,0,0
2024-09-16 09:09:00,Admin.Jones,0,0,0
2024-09-16 09:10:00,Engineer.Perez,0,0,0
2024-09-16 09:14:00,Analyst.Green,0,0,0
2024-09-16 09:22:00,Assistant.Roberts,1,0,0
2024-09-16 09:25:00,Manager.Morris,0,0,0
2024-09-16 09:34:00,Manager.Morris,0,0,0
2024-09-16 09:39:00,Specialist.Martin,1,0,0
2024-09-16 09:45:00,Nurse.Brown,0,0,0
2024-09-16 09:54:00,Coordinator.Harris,0,0,0
2024-09-16 09:58:00,Coordinator.Harris,1,1,1
2024-09-16 10:00:00,Developer.Young,0,0,0
2024-09-16 10:10:00,Manager.Morris,1,1,1
2024-09-16 10:12:00,Supervisor.Clark,0,0,0
2024-09-16 10:13:00,Consultant.White,0,0,0
2024-09-16 10:23:00,Developer.Young,0,0,0
2024-09-16 10:29:00,Supervisor.Clark,0,0,0
2024-09-16 10:35:00,Nurse.Brown,0,0,0
2024-09-16 10:43:00,Admin.Jones,0,0,0
2024-09-16 10:50:00,Supervisor.Clark,0,0,0
2024-09-16 11:00:00,Analyst.Green,0,0,0
2024-09-16 11:02:00,Auditor.King,1,0,0
2024-09-16 11:06:00,Director.Lewis,0,0,0
2024-09-16 11:10:00,Assistant.Roberts,0,0,0
2024-09-16 11:14:00,User.Lee,1,1,1
2024-09-16 11:17:00,Dr.Smith,1,0,0
2024-09-16 11:22:00,Supervisor.Clark,0,0,0
2024-09-16 11:30:00,Consultant.White,0,0,0
2024-09-16 11:34:00,Manager.Morris,0,0,0
2024-09-16 11:35:00,Specialist.Martin,0,0,0
2024-09-16 11:37:00,Auditor.King,1,0,0
2024-09-16 11:39:00,Supervisor.Clark,1,1,1
2024-09-16 11:47:00,Auditor.King,0,0,0
2024-09-16 11:48:00,User.Lee,0,0,0
2024-09-16 11:57:00,Nurse.Brown,1,1,1
2024-09-16 12:07:00,Coordinator.Harris,1,1,1
2024-09-16 12:12:00,Guest.Baker,0,0,0
2024-09-16 12:16:00,Engineer.Perez,1,0,0
2024-09-16 12:25:00,Director.Lewis,1,1,1
2024-09-16 12:31:00,Consultant.White,0,0,0
2024-09-16 12:32:00,Auditor.King,1,0,0
2024-09-16 12:35:00,Supervisor.Clark,0,0,0
2024-09-16 12:39:00,Coordinator.Harris,1,0,0
2024-09-16 12:44:00,Analyst.Green,1,0,0
2024-09-16 12:45:00,Analyst.Green,1,1,1
2024-09-16 12:48:00,Intern.Taylor,1,0,0
2024-09-16 12:49:00,Auditor.King,1,0,0
2024-09-16 12:52:00,Assistant.Roberts,1,1,1
2024-09-16 12:55:00,Operator.Johnson,0,0,0
2024-09-16 13:01:00,Developer.Young,1,0,0
2024-09-16 13:09:00,Manager.Morris,1,0,0
2024-09-16 13:12:00,Manager.Morris,1,0,0
2024-09-16 13:18:00,Lead.Walker,1,1,1
2024-09-16 13:25:00,Engineer.Perez,1,1,1
2024-09-16 13:33:00,Analyst.Green,1,1,1
2024-09-16 13:36:00,Developer.Young,1,0,0
2024-09-16 13:38:00,Developer.Young,0,0,0
2024-09-16 13:42:00,Intern.Taylor,1,1,1
2024-09-16 13:52:00,Guest.Baker,1,0,0
2024-09-16 13:53:00,Analyst.Green,0,0,0
2024-09-16 13:58:00,Supervisor.Clark,0,0,0
2024-09-16 14:05:00,User.Lee,0,0,0
2024-09-16 14:06:00,Developer.Young,0,0,0
2024-09-16 14:10:00,Tech.Admin,1,0,0
2024-09-16 14:17:00,Developer.Young,0,0,0
2024-09-16 14:21:00,Operator.Johnson,0,0,0
2024-09-16 14:31:00,Developer.Young,0,0,0
2024-09-16 14:33:00,Intern.Taylor,1,0,0
2024-09-16 14:36:00,Engineer.Perez,1,0,0
2024-09-16 14:43:00,Director.Lewis,1,1,1
2024-09-16 14:50:00,Admin.Jones,1,1,1
2024-09-16 14:52:00,Guest.Baker,0,0,0
2024-09-16 14:55:00,Intern.Taylor,0,0,0
2024-09-16 14:58:00,Nurse.Brown,0,0,0
2024-09-16 15:07:00,Auditor.King,1,0,0
2024-09-16 15:08:00,User.Lee,0,0,0
2024-09-16 15:12:00,Guest.Baker,1,0,0
2024-09-16 15:22:00,Auditor.King,0,0,0
2024-09-16 15:29:00,Lead.Walker,1,1,1
2024-09-16 15:39:00,Director.Lewis,0,0,0
2024-09-16 15:42:00,Engineer.Perez,1,1,1
2024-09-16 15:50:00,Operator.Johnson,0,0,0
2024-09-16 16:00:00,Intern.Taylor,1,0,0
2024-09-16 16:10:00,Dr.Smith,1,0,0
2024-09-16 16:11:00,Manager.Morris,0,0,0
2024-09-16 16:12:00,Lead.Walker,1,0,0
2024-09-16 16:22:00,Auditor.King,0,0,0
2024-09-16 16:31:00,Auditor.King,1,1,1
2024-09-16 16:32:00,Lead.Walker,1,0,0
2024-09-16 16:36:00,Operator.Johnson,0,0,0
2024-09-16 16:39:00,Lead.Walker,0,0,0
2024-09-16 16:48:00,User.Lee,0,0,0
2024-09-16 16:55:00,Developer.Young,0,0,0
2024-09-16 16:59:00,Supervisor.Clark,0,0,0
2024-09-16 17:00:00,Analyst.Green,0,0,0
2024-09-16 17:10:00,Analyst.Green,0,0,0
2024-09-16 17:19:00,Admin.Jones,0,0,0
2024-09-16 17:29:00,Lead.Walker,1,1,1
2024-09-16 17:34:00,Dr.Smith,1,0,0
2024-09-16 17:44:00,Operator.Johnson,0,0,0
2024-09-16 17:53:00,Specialist.Martin,0,0,0
2024-09-16 17:56:00,Specialist.Martin,0,0,0
2024-09-16 18:01:00,Supervisor.Clark,0,0,0
2024-09-16 18:07:00,Assistant.Roberts,0,0,0
2024-09-16 18:15:00,Engineer.Perez,1,0,0
2024-09-16 18:16:00,Assistant.Roberts,0,0,0
2024-09-16 18:24:00,Director.Lewis,1,0,0
2024-09-16 18:30:00,Assistant.Roberts,1,0,0
2024-09-16 18:38:00,Supervisor.Clark,1,1,1
2024-09-16 18:44:00,Manager.Morris,1,0,0
2024-09-16 18:46:00,Tech.Admin,0,0,0
2024-09-16 18:47:00,Consultant.White,0,0,0
2024-09-16 18:55:00,Developer.Young,0,0,0
2024-09-16 19:01:00,Coordinator.Harris,1,0,0
2024-09-16 19:06:00,Engineer.Perez,0,0,0
2024-09-16 19:12:00,Coordinator.Harris,0,0,0
2024-09-16 19:22:00,Assistant.Roberts,0,0,0
2024-09-16 19:30:00,Consultant.White,0,0,0
2024-09-16 19:37:00,Director.Lewis,0,0,0
2024-09-16 19:43:00,Developer.Young,0,0,0
2024-09-16 19:47:00,Nurse.Brown,0,0,0
2024-09-16 19:48:00,Dr.Smith,1,0,0
2024-09-16 19:56:00,Director.Lewis,1,0,0
2024-09-16 20:00:00,Guest.Baker,1,1,1
2024-09-16 20:07:00,Engineer.Perez,1,1,1
2024-09-16 20:15:00,User.Lee,1,0,0
2024-09-16 20:17:00,Specialist.Martin,1,0,0
2024-09-16 20:22:00,Tech.Admin,0,0,0
2024-09-16 20:28:00,Developer.Young,0,0,0
2024-09-16 20:33:00,Nurse.Brown,1,1,1
2024-09-16 20:34:00,Specialist.Martin,0,0,0
2024-09-16 20:38:00,Operator.Johnson,0,0,0
2024-09-16 20:48:00,Engineer.Perez,0,0,0
2024-09-16 20:49:00,Manager.Morris,1,1,1
2024-09-16 20:55:00,Director.Lewis,0,0,0
2024-09-16 21:00:00,Dr.Smith,1,0,0
2024-09-16 21:02:00,Manager.Morris,0,0,0
2024-09-16 21:09:00,Manager.Morris,1,1,1
2024-09-16 21:17:00,Specialist.Martin,1,0,0
2024-09-16 21:27:00,Analyst.Green,1,1,1
2024-09-16 21:36:00,Auditor.King,0,0,0
2024-09-16 21:40:00,Guest.Baker,1,0,0
2024-09-16 21:46:00,Engineer.Perez,0,0,0
2024-09-16 21:47:00,Operator.Johnson,1,0,0
2024-09-16 21:49:00,Assistant.Roberts,1,1,1
2024-09-16 21:56:00,Analyst.Green,1,0,0
2024-09-16 21:58:00,Guest.Baker,1,1,1
2024-09-16 22:08:00,Analyst.Green,0,0,0
2024-09-16 22:10:00,Intern.Taylor,0,0,0
2024-09-16 22:11:00,Lead.Walker,1,1,1
2024-09-16 22:12:00,Supervisor.Clark,0,0,0
2024-09-16 22:17:00,Auditor.King,1,1,1
2024-09-16 22:19:00,Assistant.Roberts,1,0,0
2024-09-16 22:25:00,Admin.Jones,0,0,0
2024-09-16 22:26:00,Tech.Admin,1,1,1
2024-09-16 22:35:00,Consultant.White,0,0,0
2024-09-16 22:44:00,Coordinator.Harris,1,1,1
2024-09-16 22:53:00,Engineer.Perez,0,0,0
2024-09-16 22:59:00,Assistant.Roberts,0,0,0
2024-09-16 23:08:00,Supervisor.Clark,0,0,0
2024-09-16 23:11:00,Developer.Young,0,0,0
2024-09-16 23:15:00,Manager.Morris,0,0,0
2024-09-16 23:19:00,Nurse.Brown,1,0,0
2024-09-16 23:23:00,Assistant.Roberts,0,0,0
2024-09-16 23:26:00,Dr.Smith,0,0,0
2024-09-16 23:29:00,Director.Lewis,0,0,0
2024-09-16 23:33:00,Operator.Johnson,1,1,1
2024-09-16 23:37:00,Specialist.Martin,1,1,1
2024-09-16 23:44:00,Analyst.Green,0,0,0
2024-09-16 23:49:00,Guest.Baker,1,0,0
2024-09-16 23:55:00,Engineer.Perez,1,1,1
2024-09-17 00:00:00,Lead.Walker,0,0,0
2024-09-17 00:02:00,Lead.Walker,0,0,0
2024-09-17 00:09:00,Tech.Admin,1,0,0
2024-09-17 00:12:00,Engineer.Perez,1,1,1
2024-09-17 00:20:00,Tech.Admin,1,1,1
2024-09-17 00:22:00,Tech.Admin,1,0,0
2024-09-17 00:31:00,Consultant.White,0,0,0
2024-09-17 00:34:00,Tech.Admin,1,1,1
2024-09-17 00:41:00,Nurse.Brown,1,1,1
2024-09-17 00:46:00,Supervisor.Clark,0,0,0
2024-09-17 00:56:00,Admin.Jones,0,0,0
2024-09-17 00:57:00,Analyst.Green,1,0,0
2024-09-17 01:04:00,Developer.Young,1,0,0
2024-09-17 01:07:00,Guest.Baker,0,0,0
2024-09-17 01:16:00,Developer.Young,1,1,1
2024-09-17 01:21:00,Assistant.Roberts,0,0,0
2024-09-17 01:25:00,Engineer.Perez,1,0,0
2024-09-17 01:26:00,Guest.Baker,0,0,0
2024-09-17 01:34:00,Manager.Morris,1,1,1
2024-09-17 01:43:00,Consultant.White,0,0,0
2024-09-17 01:45:00,Manager.Morris,0,0,0
2024-09-17 01:54:00,Guest.Baker,0,0,0
2024-09-17 02:04:00,Director.Lewis,1,1,1
2024-09-17 02:11:00,Nurse.Brown,1,0,0
2024-09-17 02:13:00,Assistant.Roberts,1,1,1
2024-09-17 02:16:00,Developer.Young,1,1,1
2024-09-17 02:23:00,Developer.Young,0,0,0
2024-09-17 02:27:00,Director.Lewis,0,0,0
2024-09-17 02:33:00,Assistant.Roberts,0,0,0
2024-09-17 02:40:00,Dr.Smith,1,0,0
2024-09-17 02:47:00,Assistant.Roberts,1,0,0
2024-09-17 02:49:00,Developer.Young,1,0,0
2024-09-17 02:54:00,Assistant.Roberts,1,0,0
2024-09-17 03:03:00,Lead.Walker,1,1,1
2024-09-17 03:11:00,Guest.Baker,1,1,1
2024-09-17 03:20:00,Intern.Taylor,1,1,1
2024-09-17 03:30:00,Engineer.Perez,1,1,1
2024-09-17 03:33:00,Nurse.Brown,1,1,1
2024-09-17 03:37:00,Consultant.White,0,0,0
2024-09-17 03:41:00,Guest.Baker,0,0,0
2024-09-17 03:46:00,Specialist.Martin,0,0,0
2024-09-17 03:49:00,Admin.Jones,1,0,0
2024-09-17 03:56:00,Analyst.Green,1,0,0
2024-09-17 03:57:00,Admin.Jones,1,1,1
2024-09-17 04:06:00,Director.Lewis,1,1,1
2024-09-17 04:09:00,User.Lee,0,0,0
2024-09-17 04:13:00,Manager.Morris,1,0,0
2024-09-17 04:17:00,Manager.Morris,1,1,1
2024-09-17 04:20:00,Nurse.Brown,1,1,1
2024-09-17 04:21:00,Analyst.Green,0,0,0
2024-09-17 04:23:00,Assistant.Roberts,0,0,0
2024-09-17 04:25:00,Director.Lewis,1,0,0
2024-09-17 04:31:00,Admin.Jones,1,0,0
2024-09-17 04:35:00,Specialist.Martin,1,1,1
2024-09-17 04:42:00,Operator.Johnson,1,1,1
2024-09-17 04:48:00,Admin.Jones,0,0,0
2024-09-17 04:54:00,Coordinator.Harris,1,0,0
2024-09-17 04:57:00,Consultant.White,0,0,0
2024-09-17 05:01:00,Operator.Johnson,1,1,1
2024-09-17 05:08:00,Specialist.Martin,0,0,0
2024-09-17 05:17:00,Nurse.Brown,1,1,1
2024-09-17 05:18:00,Dr.Smith,0,0,0
2024-09-17 05:26:00,Analyst.Green,1,0,0
2024-09-17 05:36:00,Intern.Taylor,0,0,0
2024-09-17 05:45:00,Assistant.Roberts,1,0,0
2024-09-17 05:53:00,Coordinator.Harris,0,0,0
2024-09-17 05:57:00,Dr.Smith,1,1,1
2024-09-17 06:01:00,Supervisor.Clark,0,0,0
2024-09-17 06:02:00,Guest.Baker,1,1,1
2024-09-17 06:05:00,Nurse.Brown,1,1,1
2024-09-17 06:10:00,Developer.Young,1,1,1
2024-09-17 06:14:00,Director.Lewis,0,0,0
2024-09-17 06:18:00,Nurse.Brown,1,1,1
2024-09-17 06:21:00,Lead.Walker,1,1,1
2024-09-17 06:26:00,Guest.Baker,0,0,0
2024-09-17 06:32:00,Nurse.Brown,1,1,1
2024-09-17 06:40:00,Assistant.Roberts,1,0,0
2024-09-17 06:50:00,Developer.Young,1,1,1
2024-09-17 06:52:00,User.Lee,1,1,1
2024-09-17 07:02:00,Supervisor.Clark,0,0,0
2024-09-17 07:04:00,Intern.Taylor,1,0,0
2024-09-17 07:05:00,Consultant.White,0,0,0
2024-09-17 07:06:00,Supervisor.Clark,1,1,1
2024-09-17 07:13:00,Specialist.Martin,0,0,0
2024-09-17 07:20:00,Supervisor.Clark,0,0,0
2024-09-17 07:29:00,Nurse.Brown,1,0,0
2024-09-17 07:38:00,Manager.Morris,1,1,1
2024-09-17 07:44:00,Assistant.Roberts,0,0,0
2024-09-17 07:49:00,Nurse.Brown,1,1,1
2024-09-17 07:52:00,Engineer.Perez,1,0,0
2024-09-17 07:56:00,Intern.Taylor,1,0,0
2024-09-17 07:57:00,Lead.Walker,1,0,0
2024-09-17 08:00:00,Intern.Taylor,1,1,1
2024-09-17 08:01:00,Consultant.White,1,0,0
2024-09-17 08:05:00,Admin.Jones,0,0,0
2024-09-17 08:13:00,Assistant.Roberts,1,0,0
2024-09-17 08:20:00,Consultant.White,1,1,1
2024-09-17 08:30:00,Operator.Johnson,1,1,1
2024-09-17 08:35:00,Manager.Morris,1,1,1
2024-09-17 08:43:00,Supervisor.Clark,1,0,0
2024-09-17 08:49:00,Guest.Baker,0,0,0
2024-09-17 08:56:00,Guest.Baker,1,1,1
2024-09-17 08:57:00,Auditor.King,0,0,0
2024-09-17 09:03:00,Developer.Young,1,1,1
2024-09-17 09:04:00,Dr.Smith,1,1,1
2024-09-17 09:08:00,Coordinator.Harris,1,1,1
2024-09-17 09:10:00,Lead.Walker,0,0,0
2024-09-17 09:15:00,Developer.Young,0,0,0
2024-09-17 09:16:00,Operator.Johnson,0,0,0
2024-09-17 09:17:00,Guest.Baker,0,0,0
2024-09-17 09:25:00,User.Lee,1,1,1
2024-09-17 09:31:00,Guest.Baker,0,0,0
2024-09-17 09:41:00,Supervisor.Clark,1,0,0
2024-09-17 09:43:00,Lead.Walker,1,1,1
2024-09-17 09:53:00,Consultant.White,0,0,0
2024-09-17 09:56:00,Consultant.White,1,0,0
2024-09-17 10:03:00,Guest.Baker,1,1,1
2024-09-17 10:09:00,Director.Lewis,1,0,0
2024-09-17 10:15:00,Assistant.Roberts,0,0,0
2024-09-17 10:23:00,Manager.Morris,1,0,0
2024-09-17 10:32:00,Admin.Jones,1,1,1
2024-09-17 10:36:00,Manager.Morris,1,1,1
2024-09-17 10:38:00,Admin.Jones,0,0,0
2024-09-17 10:45:00,Manager.Morris,1,1,1
2024-09-17 10:49:00,Coordinator.Harris,1,0,0
2024-09-17 10:55:00,Intern.Taylor,0,0,0
2024-09-17 10:59:00,Nurse.Brown,1,0,0
2024-09-17 11:07:00,Coordinator.Harris,0,0,0
2024-09-17 11:17:00,Intern.Taylor,1,1,1
2024-09-17 11:19:00,User.Lee,1,0,0
2024-09-17 11:21:00,Director.Lewis,1,0,0
2024-09-17 11:24:00,Coordinator.Harris,0,0,0
2024-09-17 11:28:00,Tech.Admin,0,0,0
2024-09-17 11:36:00,Tech.Admin,0,0,0
2024-09-17 11:37:00,Guest.Baker,0,0,0
2024-09-17 11:43:00,Intern.Taylor,0,0,0
2024-09-17 11:52:00,Nurse.Brown,0,0,0
2024-09-17 11:53:00,Nurse.Brown,0,0,0
2024-09-17 11:56:00,Director.Lewis,0,0,0
2024-09-17 11:58:00,Engineer.Perez,1,0,0
2024-09-17 12:03:00,Operator.Johnson,0,0,0
2024-09-17 12:09:00,Manager.Morris,0,0,0
2024-09-17 12:12:00,Lead.Walker,1,0,0
2024-09-17 12:13:00,Assistant.Roberts,0,0,0
2024-09-17 12:20:00,Specialist.Martin,1,1,1
2024-09-17 12:23:00,Analyst.Green,0,0,0
2024-09-17 12:33:00,Lead.Walker,0,0,0
2024-09-17 12:34:00,Tech.Admin,1,1,1
2024-09-17 12:44:00,Director.Lewis,0,0,0
2024-09-17 12:51:00,Assistant.Roberts,1,1,1
2024-09-17 12:55:00,Operator.Johnson,1,0,0
2024-09-17 12:59:00,Consultant.White,1,0,0
2024-09-17 13:01:00,Engineer.Perez,1,1,1
2024-09-17 13:10:00,Lead.Walker,1,0,0
2024-09-17 13:20:00,Operator.Johnson,1,1,1
2024-09-17 13:27:00,Nurse.Brown,0,0,0
2024-09-17 13:33:00,Specialist.Martin,0,0,0
2024-09-17 13:36:00,Dr.Smith,0,0,0
2024-09-17 13:42:00,Consultant.White,1,0,0
2024-09-17 13:46:00,Nurse.Brown,0,0,0
2024-09-17 13:52:00,Developer.Young,1,1,1
2024-09-17 13:53:00,Dr.Smith,1,0,0
2024-09-17 13:59:00,Nurse.Brown,0,0,0
2024-09-17 14:04:00,Guest.Baker,1,0,0
2024-09-17 14:11:00,Consultant.White,1,1,1
2024-09-17 14:18:00,Auditor.King,0,0,0
2024-09-17 14:27:00,Admin.Jones,1,1,1
2024-09-17 14:34:00,Tech.Admin,0,0,0
2024-09-17 14:38:00,Operator.Johnson,1,0,0
2024-09-17 14:43:00,Analyst.Green,0,0,0
2024-09-17 14:51:00,Analyst.Green,0,0,0
2024-09-17 14:53:00,Engineer.Perez,0,0,0
2024-09-17 15:03:00,Auditor.King,0,0,0
2024-09-17 15:11:00,Manager.Morris,1,0,0
2024-09-17 15:18:00,Tech.Admin,0,0,0
2024-09-17 15:22:00,Intern.Taylor,1,0,0
2024-09-17 15:27:00,Tech.Admin,0,0,0
2024-09-17 15:36:00,Tech.Admin,0,0,0
2024-09-17 15:38:00,Specialist.Martin,1,1,1
2024-09-17 15:45:00,Director.Lewis,0,0,0
2024-09-17 15:46:00,Assistant.Roberts,1,1,1
2024-09-17 15:56:00,Operator.Johnson,1,1,1
2024-09-17 16:03:00,Specialist.Martin,0,0,0
2024-09-17 16:11:00,Auditor.King,0,0,0
2024-09-17 16:16:00,Coordinator.Harris,1,1,1
2024-09-17 16:22:00,Dr.Smith,1,1,1
2024-09-17 16:24:00,Director.Lewis,1,1,1
2024-09-17 16:31:00,Developer.Young,0,0,0
2024-09-17 16:41:00,Tech.Admin,0,0,0
2024-09-17 16:46:00,Admin.Jones,1,0,0
2024-09-17 16:56:00,Analyst.Green,1,0,0
2024-09-17 17:06:00,Auditor.King,1,1,1
2024-09-17 17:15:00,Assistant.Roberts,1,1,1
2024-09-17 17:24:00,Manager.Morris,0,0,0
2024-09-17 17:34:00,User.Lee,1,1,1
2024-09-17 17:40:00,Manager.Morris,1,0,0
2024-09-17 17:48:00,Assistant.Roberts,1,1,1
2024-09-17 17:58:00,Admin.Jones,0,0,0
2024-09-17 18:08:00,Analyst.Green,0,0,0
2024-09-17 18:18:00,Supervisor.Clark,0,0,0
2024-09-17 18:21:00,Nurse.Brown,0,0,0
2024-09-17 18:29:00,Auditor.King,0,0,0
2024-09-17 18:30:00,Specialist.Martin,0,0,0
2024-09-17 18:39:00,Director.Lewis,0,0,0
2024-09-17 18:46:00,Dr.Smith,1,1,1
2024-09-17 18:49:00,Auditor.King,0,0,0
2024-09-17 18:55:00,Director.Lewis,0,0,0
2024-09-17 19:05:00,Engineer.Perez,1,0,0
2024-09-17 19:15:00,Intern.Taylor,0,0,0
2024-09-17 19:17:00,Analyst.Green,1,1,1
2024-09-17 19:22:00,Analyst.Green,1,1,1
2024-09-17 19:32:00,Admin.Jones,0,0,0
2024-09-17 19:40:00,Analyst.Green,0,0,0
2024-09-17 19:42:00,Admin.Jones,1,0,0
2024-09-17 19:44:00,User.Lee,0,0,0
2024-09-17 19:52:00,Dr.Smith,1,1,1
2024-09-17 19:57:00,Developer.Young,1,0,0
2024-09-17 20:01:00,Analyst.Green,0,0,0
2024-09-17 20:03:00,Consultant.White,0,0,0
2024-09-17 20:10:00,Director.Lewis,0,0,0
2024-09-17 20:11:00,Intern.Taylor,0,0,0
2024-09-17 20:16:00,Assistant.Roberts,0,0,0
2024-09-17 20:20:00,Nurse.Brown,0,0,0
2024-09-17 20:27:00,Manager.Morris,1,0,0
2024-09-17 20:32:00,Manager.Morris,0,0,0
2024-09-17 20:36:00,Analyst.Green,1,0,0
2024-09-17 20:45:00,Consultant.White,1,1,1
2024-09-17 20:52:00,Admin.Jones,0,0,0
2024-09-17 20:56:00,Manager.Morris,1,0,0
2024-09-17 21:06:00,Admin.Jones,1,1,1
2024-09-17 21:14:00,Supervisor.Clark,0,0,0
2024-09-17 21:22:00,Engineer.Perez,1,0,0
2024-09-17 21:28:00,Consultant.White,1,0,0
2024-09-17 21:29:00,Analyst.Green,0,0,0
2024-09-17 21:39:00,User.Lee,1,1,1
2024-09-17 21:45:00,Assistant.Roberts,0,0,0
2024-09-17 21:47:00,Specialist.Martin,0,0,0
2024-09-17 21:56:00,Engineer.Perez,0,0,0
2024-09-17 22:00:00,Director.Lewis,1,0,0
2024-09-17 22:09:00,Intern.Taylor,1,1,1
2024-09-17 22:15:00,Assistant.Roberts,1,0,0
2024-09-17 22:22:00,Consultant.White,0,0,0
2024-09-17 22:24:00,Manager.Morris,0,0,0
2024-09-17 22:32:00,Analyst.Green,0,0,0
2024-09-17 22:36:00,Lead.Walker,0,0,0
2024-09-17 22:45:00,Coordinator.Harris,1,0,0
2024-09-17 22:48:00,Intern.Taylor,0,0,0
2024-09-17 22:49:00,User.Lee,1,0,0
2024-09-17 22:50:00,Coordinator.Harris,1,1,1
2024-09-17 22:56:00,Coordinator.Harris,1,1,1
2024-09-17 22:59:00,Admin.Jones,0,0,0
2024-09-17 23:08:00,Operator.Johnson,1,1,1
2024-09-17 23:13:00,Consultant.White,0,0,0
2024-09-17 23:19:00,Specialist.Martin,1,1,1
2024-09-17 23:25:00,Coordinator.Harris,1,1,1
2024-09-17 23:33:00,Nurse.Brown,1,1,1
2024-09-17 23:41:00,User.Lee,0,0,0
2024-09-17 23:48:00,Assistant.Roberts,0,0,0
2024-09-17 23:57:00,Manager.Morris,1,1,1
2024-09-18 00:07:00,Analyst.Green,1,1,1
2024-09-18 00:14:00,Auditor.King,0,0,0
2024-09-18 00:19:00,Dr.Smith,0,0,0
2024-09-18 00:24:00,Engineer.Perez,0,0,0
2024-09-18 00:30:00,Assistant.Roberts,0,0,0
2024-09-18 00:32:00,Specialist.Martin,1,0,0
2024-09-18 00:42:00,Engineer.Perez,0,0,0
2024-09-18 00:46:00,Admin.Jones,0,0,0
2024-09-18 00:55:00,Specialist.Martin,1,1,1
2024-09-18 00:59:00,Analyst.Green,1,1,1
2024-09-18 01:01:00,Assistant.Roberts,1,0,0
2024-09-18 01:09:00,Intern.Taylor,1,0,0
2024-09-18 01:17:00,Engineer.Perez,1,0,0
2024-09-18 01:19:00,Director.Lewis,0,0,0
2024-09-18 01:25:00,Analyst.Green,0,0,0
2024-09-18 01:31:00,User.Lee,1,0,0
2024-09-18 01:39:00,Intern.Taylor,0,0,0
2024-09-18 01:47:00,Intern.Taylor,0,0,0
2024-09-18 01:57:00,Developer.Young,1,1,1
2024-09-18 01:59:00,Admin.Jones,1,0,0
2024-09-18 02:08:00,Nurse.Brown,1,0,0
2024-09-18 02:17:00,Tech.Admin,1,0,0
2024-09-18 02:18:00,Consultant.White,1,0,0
2024-09-18 02:25:00,Supervisor.Clark,0,0,0
2024-09-18 02:31:00,Auditor.King,1,1,1
2024-09-18 02:32:00,Guest.Baker,1,1,1
2024-09-18 02:33:00,Nurse.Brown,0,0,0
2024-09-18 02:41:00,User.Lee,1,1,1
2024-09-18 02:44:00,Director.Lewis,0,0,0
2024-09-18 02:52:00,Assistant.Roberts,0,0,0
2024-09-18 02:54:00,Analyst.Green,0,0,0
2024-09-18 03:00:00,User.Lee,0,0,0
2024-09-18 03:06:00,Consultant.White,0,0,0
2024-09-18 03:07:00,Specialist.Martin,1,1,1
2024-09-18 03:14:00,Developer.Young,1,0,0
2024-09-18 03:22:00,Consultant.White,0,0,0
2024-09-18 03:23:00,Specialist.Martin,1,1,1
2024-09-18 03:31:00,Auditor.King,0,0,0
2024-09-18 03:34:00,Operator.Johnson,1,0,0
2024-09-18 03:42:00,Coordinator.Harris,1,0,0
2024-09-18 03:45:00,Intern.Taylor,0,0,0
2024-09-18 03:48:00,Manager.Morris,0,0,0
2024-09-18 03:49:00,Lead.Walker,0,0,0
2024-09-18 03:57:00,Lead.Walker,0,0,0
2024-09-18 04:01:00,Analyst.Green,0,0,0
2024-09-18 04:04:00,User.Lee,1,1,1
2024-09-18 04:05:00,Manager.Morris,1,1,1
2024-09-18 04:11:00,Analyst.Green,0,0,0
2024-09-18 04:16:00,User.Lee,1,1,1
2024-09-18 04:25:00,Analyst.Green,0,0,0
2024-09-18 04:30:00,Specialist.Martin,0,0,0
2024-09-18 04:32:00,Assistant.Roberts,1,1,1
2024-09-18 04:40:00,Lead.Walker,0,0,0
2024-09-18 04:48:00,Dr.Smith,1,1,1
2024-09-18 04:49:00,Director.Lewis,1,0,0
2024-09-18 04:54:00,Director.Lewis,0,0,0
2024-09-18 04:58:00,Lead.Walker,1,0,0
2024-09-18 05:06:00,Guest.Baker,0,0,0
2024-09-18 05:12:00,Operator.Johnson,0,0,0
2024-09-18 05:16:00,Nurse.Brown,0,0,0
2024-09-18 05:19:00,Auditor.King,1,1,1
2024-09-18 05:29:00,Intern.Taylor,1,1,1
2024-09-18 05:36:00,Intern.Taylor,1,1,1
2024-09-18 05:44:00,Analyst.Green,0,0,0
2024-09-18 05:54:00,Supervisor.Clark,1,1,1
2024-09-18 06:02:00,Developer.Young,1,0,0
2024-09-18 06:05:00,Nurse.Brown,0,0,0
2024-09-18 06:09:00,Intern.Taylor,1,1,1
2024-09-18 06:12:00,Auditor.King,1,0,0
2024-09-18 06:21:00,Specialist.Martin,1,1,1
2024-09-18 06:27:00,Intern.Taylor,0,0,0
2024-09-18 06:28:00,Guest.Baker,1,0,0
2024-09-18 06:37:00,Tech.Admin,1,1,1
2024-09-18 06:38:00,Assistant.Roberts,1,1,1
2024-09-18 06:46:00,Guest.Baker,1,1,1
2024-09-18 06:49:00,User.Lee,1,1,1
2024-09-18 06:53:00,Auditor.King,0,0,0
2024-09-18 06:55:00,Analyst.Green,1,1,1
2024-09-18 06:56:00,Dr.Smith,0,0,0
2024-09-18 06:57:00,Coordinator.Harris,0,0,0
2024-09-18 07:03:00,Developer.Young,0,0,0
2024-09-18 07:07:00,Auditor.King,1,1,1
2024-09-18 07:11:00,Engineer.Perez,0,0,0
2024-09-18 07:20:00,Analyst.Green,0,0,0
2024-09-18 07:27:00,Engineer.Perez,0,0,0
2024-09-18 07:31:00,Auditor.King,1,0,0
2024-09-18 07:33:00,Lead.Walker,1,0,0
2024-09-18 07:36:00,Engineer.Perez,0,0,0
2024-09-18 07:43:00,Tech.Admin,0,0,0
2024-09-18 07:52:00,Dr.Smith,0,0,0
2024-09-18 07:58:00,Guest.Baker,0,0,0
2024-09-18 08:06:00,Engineer.Perez,0,0,0
2024-09-18 08:16:00,Intern.Taylor,0,0,0
2024-09-18 08:25:00,Supervisor.Clark,1,0,0
2024-09-18 08:33:00,Manager.Morris,0,0,0
2024-09-18 08:41:00,Manager.Morris,1,0,0
2024-09-18 08:43:00,Nurse.Brown,1,1,1
2024-09-18 08:44:00,Guest.Baker,0,0,0
2024-09-18 08:53:00,Tech.Admin,1,1,1
2024-09-18 08:59:00,Supervisor.Clark,1,1,1
2024-09-18 09:07:00,User.Lee,0,0,0
2024-09-18 09:13:00,Manager.Morris,1,0,0
2024-09-18 09:17:00,Operator.Johnson,1,1,1
2024-09-18 09:25:00,Specialist.Martin,1,1,1
2024-09-18 09:32:00,Auditor.King,1,0,0
2024-09-18 09:38:00,Lead.Walker,1,1,1
2024-09-18 09:39:00,Coordinator.Harris,1,0,0
2024-09-18 09:40:00,Specialist.Martin,1,1,1
2024-09-18 09:50:00,Developer.Young,0,0,0
2024-09-18 09:55:00,Consultant.White,0,0,0
2024-09-18 09:57:00,Admin.Jones,0,0,0
2024-09-18 10:07:00,Supervisor.Clark,1,1,1
2024-09-18 10:17:00,Dr.Smith,1,1,1
2024-09-18 10:20:00,Admin.Jones,1,0,0
2024-09-18 10:21:00,Engineer.Perez,1,0,0
2024-09-18 10:28:00,Consultant.White,1,1,1
2024-09-18 10:29:00,Operator.Johnson,1,0,0
2024-09-18 10:36:00,Specialist.Martin,0,0,0
2024-09-18 10:38:00,Consultant.White,1,1,1
2024-09-18 10:42:00,Specialist.Martin,1,0,0
2024-09-18 10:51:00,Operator.Johnson,0,0,0
2024-09-18 10:52:00,User.Lee,0,0,0
2024-09-18 10:58:00,Guest.Baker,1,0,0
2024-09-18 11:03:00,Consultant.White,1,0,0
2024-09-18 11:10:00,Specialist.Martin,0,0,0
2024-09-18 11:16:00,Intern.Taylor,1,1,1
2024-09-18 11:17:00,Engineer.Perez,0,0,0
2024-09-18 11:21:00,Supervisor.Clark,1,1,1
2024-09-18 11:23:00,Supervisor.Clark,1,1,1
2024-09-18 11:24:00,Specialist.Martin,1,0,0
2024-09-18 11:34:00,Engineer.Perez,0,0,0
2024-09-18 11:36:00,Operator.Johnson,0,0,0
2024-09-18 11:39:00,Intern.Taylor,0,0,0
2024-09-18 11:46:00,Manager.Morris,1,1,1
2024-09-18 11:53:00,Guest.Baker,1,0,0
2024-09-18 12:01:00,Manager.Morris,1,1,1
2024-09-18 12:05:00,Operator.Johnson,0,0,0
2024-09-18 12:11:00,Admin.Jones,1,0,0
2024-09-18 12:21:00,Supervisor.Clark,0,0,0
2024-09-18 12:28:00,Supervisor.Clark,0,0,0
2024-09-18 12:36:00,Specialist.Martin,1,1,1
2024-09-18 12:45:00,Intern.Taylor,0,0,0
2024-09-18 12:54:00,Specialist.Martin,0,0,0
2024-09-18 13:04:00,Manager.Morris,0,0,0
2024-09-18 13:10:00,Specialist.Martin,0,0,0
2024-09-18 13:14:00,Manager.Morris,1,0,0
2024-09-18 13:19:00,Dr.Smith,1,0,0
2024-09-18 13:24:00,Assistant.Roberts,0,0,0
2024-09-18 13:30:00,Intern.Taylor,0,0,0
2024-09-18 13:39:00,Coordinator.Harris,1,1,1
2024-09-18 13:45:00,Manager.Morris,1,1,1
2024-09-18 13:50:00,Operator.Johnson,1,0,0
2024-09-18 13:58:00,Intern.Taylor,0,0,0
2024-09-18 14:05:00,Operator.Johnson,1,0,0
2024-09-18 14:08:00,Auditor.King,0,0,0
2024-09-18 14:14:00,Tech.Admin,0,0,0
2024-09-18 14:19:00,Engineer.Perez,1,1,1
2024-09-18 14:24:00,Intern.Taylor,1,0,0
2024-09-18 14:29:00,Lead.Walker,1,1,1
2024-09-18 14:34:00,Admin.Jones,0,0,0
2024-09-18 14:44:00,Guest.Baker,0,0,0
2024-09-18 14:54:00,Consultant.White,1,1,1
2024-09-18 14:57:00,Assistant.Roberts,1,1,1
2024-09-18 15:06:00,Supervisor.Clark,1,1,1
2024-09-18 15:11:00,Manager.Morris,1,0,0
2024-09-18 15:15:00,Consultant.White,1,1,1
2024-09-18 15:16:00,Intern.Taylor,0,0,0
2024-09-18 15:20:00,Tech.Admin,1,1,1
2024-09-18 15:29:00,User.Lee,0,0,0
2024-09-18 15:33:00,Engineer.Perez,1,0,0
2024-09-18 15:38:00,Director.Lewis,1,0,0
2024-09-18 15:41:00,Auditor.King,0,0,0
2024-09-18 15:47:00,Dr.Smith,1,0,0
2024-09-18 15:52:00,Lead.Walker,0,0,0
2024-09-18 16:00:00,Lead.Walker,0,0,0
2024-09-18 16:01:00,Dr.Smith,0,0,0
2024-09-18 16:09:00,Lead.Walker,1,0,0
2024-09-18 16:13:00,Lead.Walker,1,1,1
2024-09-18 16:18:00,Coordinator.Harris,0,0,0
2024-09-18 16:20:00,Intern.Taylor,0,0,0
2024-09-18 16:22:00,Coordinator.Harris,0,0,0
2024-09-18 16:25:00,Developer.Young,1,0,0
2024-09-18 16:31:00,Director.Lewis,1,1,1
2024-09-18 16:41:00,Supervisor.Clark,0,0,0
2024-09-18 16:47:00,Director.Lewis,1,1,1
2024-09-18 16:54:00,Auditor.King,0,0,0
2024-09-18 17:00:00,User.Lee,1,0,0
2024-09-18 17:07:00,User.Lee,1,0,0
2024-09-18 17:13:00,Dr.Smith,0,0,0
2024-09-18 17:18:00,Operator.Johnson,1,0,0
2024-09-18 17:25:00,Dr.Smith,0,0,0
2024-09-18 17:29:00,Auditor.King,0,0,0
2024-09-18 17:38:00,Analyst.Green,0,0,0
2024-09-18 17:44:00,Lead.Walker,0,0,0
2024-09-18 17:51:00,Dr.Smith,0,0,0
2024-09-18 17:56:00,Dr.Smith,0,0,0
2024-09-18 18:03:00,Tech.Admin,0,0,0
2024-09-18 18:12:00,Engineer.Perez,0,0,0
2024-09-18 18:21:00,Consultant.White,0,0,0
2024-09-18 18:24:00,Manager.Morris,0,0,0
2024-09-18 18:25:00,User.Lee,1,0,0
2024-09-18 18:28:00,Manager.Morris,1,1,1
2024-09-18 18:37:00,User.Lee,0,0,0
2024-09-18 18:38:00,Manager.Morris,1,0,0
2024-09-18 18:44:00,Tech.Admin,0,0,0
2024-09-18 18:45:00,Consultant.White,1,0,0
2024-09-18 18:46:00,Coordinator.Harris,0,0,0
2024-09-18 18:53:00,Director.Lewis,1,1,1
2024-09-18 19:02:00,Developer.Young,0,0,0
2024-09-18 19:09:00,Lead.Walker,1,0,0
2024-09-18 19:13:00,Developer.Young,0,0,0
2024-09-18 19:17:00,User.Lee,1,1,1
2024-09-18 19:19:00,Tech.Admin,0,0,0
2024-09-18 19:25:00,Engineer.Perez,0,0,0
2024-09-18 19:30:00,Manager.Morris,1,0,0
2024-09-18 19:40:00,Intern.Taylor,1,1,1
2024-09-18 19:47:00,Engineer.Perez,1,1,1
2024-09-18 19:52:00,Analyst.Green,0,0,0
2024-09-18 19:54:00,Tech.Admin,1,1,1
2024-09-18 19:56:00,Director.Lewis,1,1,1
2024-09-18 19:57:00,Consultant.White,1,1,1
2024-09-18 19:58:00,Nurse.Brown,1,1,1
2024-09-18 20:03:00,Analyst.Green,0,0,0
2024-09-18 20:10:00,Assistant.Roberts,1,0,0
2024-09-18 20:13:00,Admin.Jones,1,1,1
2024-09-18 20:18:00,Auditor.King,1,0,0
2024-09-18 20:25:00,Specialist.Martin,0,0,0
2024-09-18 20:34:00,Coordinator.Harris,1,0,0
2024-09-18 20:42:00,Operator.Johnson,1,1,1
2024-09-18 20:44:00,Tech.Admin,0,0,0
2024-09-18 20:54:00,Nurse.Brown,0,0,0
2024-09-18 20:59:00,Supervisor.Clark,0,0,0
2024-09-18 21:08:00,Operator.Johnson,0,0,0
2024-09-18 21:16:00,Guest.Baker,0,0,0
2024-09-18 21:22:00,Engineer.Perez,0,0,0
2024-09-18 21:24:00,Nurse.Brown,1,1,1
2024-09-18 21:33:00,Developer.Young,0,0,0
2024-09-18 21:40:00,Dr.Smith,1,0,0
2024-09-18 21:47:00,Dr.Smith,0,0,0
2024-09-18 21:54:00,Supervisor.Clark,1,0,0
2024-09-18 21:56:00,User.Lee,1,1,1
2024-09-18 22:04:00,Manager.Morris,0,0,0
2024-09-18 22:12:00,Admin.Jones,1,0,0
2024-09-18 22:16:00,Lead.Walker,0,0,0
2024-09-18 22:24:00,Nurse.Brown,1,0,0
2024-09-18 22:28:00,Dr.Smith,1,1,1
2024-09-18 22:36:00,Dr.Smith,1,1,1
2024-09-18 22:39:00,Supervisor.Clark,0,0,0
2024-09-18 22:49:00,Admin.Jones,0,0,0
2024-09-18 22:57:00,Dr.Smith,1,0,0
2024-09-18 23:04:00,Director.Lewis,0,0,0
2024-09-18 23:13:00,Director.Lewis,1,0,0
2024-09-18 23:17:00,Dr.Smith,1,0,0
2024-09-18 23:21:00,Supervisor.Clark,0,0,0
2024-09-18 23:29:00,Admin.Jones,0,0,0
2024-09-18 23:36:00,Intern.Taylor,1,1,1
2024-09-18 23:37:00,Engineer.Perez,1,0,0
2024-09-18 23:47:00,Intern.Taylor,1,0,0
2024-09-18 23:55:00,Manager.Morris,1,1,1
2024-09-19 00:04:00,Admin.Jones,0,0,0
2024-09-19 00:11:00,Tech.Admin,1,0,0
2024-09-19 00:14:00,Tech.Admin,0,0,0
2024-09-19 00:16:00,Nurse.Brown,0,0,0
2024-09-19 00:26:00,Operator.Johnson,1,1,1
2024-09-19 00:36:00,Intern.Taylor,0,0,0
2024-09-19 00:38:00,Assistant.Roberts,1,0,0
2024-09-19 00:42:00,Manager.Morris,1,0,0
2024-09-19 00:43:00,Consultant.White,1,0,0
2024-09-19 00:45:00,User.Lee,1,1,1
2024-09-19 00:47:00,Coordinator.Harris,1,1,1
2024-09-19 00:50:00,Tech.Admin,0,0,0
2024-09-19 00:51:00,User.Lee,1,0,0
2024-09-19 01:00:00,User.Lee,0,0,0
2024-09-19 01:07:00,Engineer.Perez,0,0,0
2024-09-19 01:17:00,Assistant.Roberts,0,0,0
2024-09-19 01:21:00,Engineer.Perez,1,0,0
2024-09-19 01:30:00,User.Lee,0,0,0
2024-09-19 01:34:00,Operator.Johnson,0,0,0
2024-09-19 01:36:00,Operator.Johnson,0,0,0
2024-09-19 01:38:00,Supervisor.Clark,0,0,0
2024-09-19 01:45:00,Developer.Young,1,0,0
2024-09-19 01:50:00,Director.Lewis,0,0,0
2024-09-19 01:57:00,Manager.Morris,1,1,1
2024-09-19 02:07:00,Consultant.White,0,0,0
2024-09-19 02:14:00,Nurse.Brown,0,0,0
2024-09-19 02:15:00,Engineer.Perez,0,0,0
2024-09-19 02:20:00,Director.Lewis,0,0,0
2024-09-19 02:24:00,User.Lee,1,0,0
2024-09-19 02:26:00,Lead.Walker,1,0,0
2024-09-19 02:28:00,Auditor.King,1,0,0
2024-09-19 02:33:00,Intern.Taylor,1,1,1
2024-09-19 02:36:00,Engineer.Perez,1,1,1
2024-09-19 02:44:00,Director.Lewis,0,0,0
2024-09-19 02:48:00,Admin.Jones,1,1,1
2024-09-19 02:58:00,Lead.Walker,1,1,1
2024-09-19 03:05:00,Specialist.Martin,1,0,0
2024-09-19 03:13:00,Manager.Morris,0,0,0
2024-09-19 03:18:00,Manager.Morris,0,0,0
2024-09-19 03:25:00,Engineer.Perez,1,1,1
2024-09-19 03:29:00,Analyst.Green,0,0,0
2024-09-19 03:33:00,Dr.Smith,0,0,0
2024-09-19 03:39:00,Engineer.Perez,0,0,0
2024-09-19 03:45:00,Analyst.Green,1,1,1
2024-09-19 03:55:00,Manager.Morris,0,0,0
2024-09-19 04:05:00,Tech.Admin,1,0,0
2024-09-19 04:12:00,Assistant.Roberts,0,0,0
2024-09-19 04:16:00,Coordinator.Harris,0,0,0
2024-09-19 04:19:00,Director.Lewis,1,1,1
2024-09-19 04:21:00,Director.Lewis,0,0,0
2024-09-19 04:29:00,Consultant.White,0,0,0
2024-09-19 04:30:00,Manager.Morris,0,0,0
2024-09-19 04:32:00,Engineer.Perez,1,0,0
2024-09-19 04:39:00,Engineer.Perez,0,0,0
2024-09-19 04:46:00,Assistant.Roberts,0,0,0
2024-09-19 04:48:00,Tech.Admin,0,0,0
2024-09-19 04:54:00,Nurse.Brown,1,1,1
2024-09-19 05:00:00,Analyst.Green,1,1,1
2024-09-19 05:09:00,Manager.Morris,0,0,0
2024-09-19 05:19:00,Operator.Johnson,0,0,0
2024-09-19 05:23:00,Lead.Walker,1,0,0
2024-09-19 05:24:00,Lead.Walker,1,1,1
2024-09-19 05:27:00,Auditor.King,1,1,1
2024-09-19 05:32:00,Auditor.King,0,0,0
2024-09-19 05:35:00,Analyst.Green,1,1,1
2024-09-19 05:40:00,Developer.Young,1,1,1
2024-09-19 05:50:00,Guest.Baker,1,0,0
2024-09-19 05:52:00,Guest.Baker,1,0,0
2024-09-19 05:59:00,Auditor.King,0,0,0
2024-09-19 06:08:00,User.Lee,1,1,1
2024-09-19 06:18:00,Lead.Walker,0,0,0
2024-09-19 06:25:00,Coordinator.Harris,1,1,1
2024-09-19 06:34:00,Nurse.Brown,1,1,1
2024-09-19 06:38:00,Dr.Smith,1,0,0
2024-09-19 06:46:00,Auditor.King,0,0,0
2024-09-19 06:52:00,Analyst.Green,0,0,0
2024-09-19 06:59:00,Lead.Walker,1,0,0
2024-09-19 07:02:00,Developer.Young,0,0,0
2024-09-19 07:04:00,Specialist.Martin,0,0,0
2024-09-19 07:11:00,Engineer.Perez,1,1,1
2024-09-19 07:19:00,Supervisor.Clark,0,0,0
2024-09-19 07:28:00,Engineer.Perez,0,0,0
2024-09-19 07:38:00,Lead.Walker,1,1,1
2024-09-19 07:45:00,Manager.Morris,1,0,0
2024-09-19 07:51:00,Director.Lewis,0,0,0
2024-09-19 07:59:00,Manager.Morris,1,0,0
2024-09-19 08:03:00,Tech.Admin,0,0,0
2024-09-19 08:09:00,Developer.Young,0,0,0
2024-09-19 08:17:00,Guest.Baker,1,0,0
2024-09-19 08:25:00,Manager.Morris,1,0,0
2024-09-19 08:26:00,Lead.Walker,0,0,0
2024-09-19 08:34:00,Developer.Young,0,0,0
2024-09-19 08:38:00,Intern.Taylor,1,0,0
2024-09-19 08:44:00,Supervisor.Clark,0,0,0
2024-09-19 08:49:00,Director.Lewis,0,0,0
2024-09-19 08:58:00,Nurse.Brown,0,0,0
2024-09-19 09:08:00,Supervisor.Clark,0,0,0
2024-09-19 09:12:00,Guest.Baker,0,0,0
